{"cameraMode":{"drawMode":0,"name":"Shaded","section":"Shading Mode"},"sceneLighting":true,"audioPlay":false,"sceneViewState":{"m_AlwaysRefresh":false,"showFog":true,"showSkybox":true,"showFlares":true,"showImageEffects":true,"showParticleSystems":true,"showVisualEffectGraphs":true,"m_FxEnabled":true},"in2DMode":false,"pivot":{"x":-0.3827071189880371,"y":4.749265670776367,"z":-0.7261056900024414},"rotation":{"x":0.08598004281520844,"y":-0.7966884970664978,"z":0.11674264818429947,"w":0.5867502093315125},"size":12.695027351379395,"orthographic":true}