{"cameraMode":{"drawMode":0,"name":"Shaded","section":"Shading Mode"},"sceneLighting":true,"audioPlay":false,"sceneViewState":{"m_AlwaysRefresh":false,"showFog":true,"showSkybox":true,"showFlares":true,"showImageEffects":true,"showParticleSystems":true,"showVisualEffectGraphs":true,"m_FxEnabled":true},"in2DMode":false,"pivot":{"x":1.2528493404388428,"y":8.576555252075196,"z":0.5098233222961426},"rotation":{"x":0.09256812930107117,"y":0.8487117886543274,"z":-0.15838870406150819,"w":0.49601930379867556},"size":4.0152997970581059,"orthographic":true}