{"cameraMode":{"drawMode":0,"name":"Shaded","section":"Shading Mode"},"sceneLighting":true,"audioPlay":false,"sceneViewState":{"m_AlwaysRefresh":false,"showFog":true,"showSkybox":true,"showFlares":true,"showImageEffects":true,"showParticleSystems":true,"showVisualEffectGraphs":true,"m_FxEnabled":true},"in2DMode":false,"pivot":{"x":-1.8902208805084229,"y":9.115657806396485,"z":-2.017416477203369},"rotation":{"x":0.1341990977525711,"y":0.36519527435302737,"z":-0.05329001694917679,"w":0.9196661710739136},"size":2.9814839363098146,"orthographic":true}